0,1
"Then, the man writes over the snow covering the window of a car, and a woman wearing winter clothes smiles. then, the","Then, the man writes over the snow covering the window of a car, and a woman wearing winter clothes smiles. then, the man"
A female chef in white uniform shows a stack of baking pans in a large kitchen presenting them. the pans are stacked,A female chef in white uniform shows a stack of baking pans in a large kitchen presenting them. the pans are stacked
A female chef in white uniform shows a stack of baking pans in a large kitchen presenting them. The pans are filled with pastries and loaded into the oven. a knife is seen,A female chef in white uniform shows a stack of baking pans in a large kitchen presenting them. The pans are filled with pastries and loaded into the oven. a knife is seen
A tray of potatoes is loaded into the oven and removed. A large tray of cake is flipped over and placed on counter. a large tray of meat is placed,A tray of potatoes is loaded into the oven and removed. A large tray of cake is flipped over and placed on counter. a large tray of meat is placed on
The man in the center is demonstrating a hairstyle on the person wearing the blue shirt. the man in the blue shirt is wearing,The man in the center is demonstrating a hairstyle on the person wearing the blue shirt. the man in the blue shirt is wearing
The man in the blue shirt sits on the chair next to the sink. The other man begins washing his hair. he is wearing,The man in the blue shirt sits on the chair next to the sink. The other man begins washing his hair. he is wearing
The man in the blue shirt sits on the chair next to the sink. The other man begins washing his hair. He scrubs in the shampoo and then washes it off. he then puts,The man in the blue shirt sits on the chair next to the sink. The other man begins washing his hair. He scrubs in the shampoo and then washes it off. he then puts
He scrubs in the shampoo and then washes it off. He then combs it and blow dries his hair after styling it with gel. he then puts,He scrubs in the shampoo and then washes it off. He then combs it and blow dries his hair after styling it with gel. he then puts
He then combs it and blow dries his hair after styling it with gel. He uses an electric clipper to groom the sideburns and the temples. he then uses,He then combs it and blow dries his hair after styling it with gel. He uses an electric clipper to groom the sideburns and the temples. he then uses
He uses an electric clipper to groom the sideburns and the temples. He also trims the back and sides of his head with the clippers. he also uses,He uses an electric clipper to groom the sideburns and the temples. He also trims the back and sides of his head with the clippers. he also uses
